Campaign,Keyword,Type
SEARCH | Studio | Local | 2026-08,бесплатно,Campaign negative
SEARCH | Studio | Local | 2026-08,бесплатный,Campaign negative
SEARCH | Studio | Local | 2026-08,скачать,Campaign negative
SEARCH | Studio | Local | 2026-08,работа,Campaign negative
SEARCH | Studio | Local | 2026-08,вакансия,Campaign negative
SEARCH | Studio | Local | 2026-08,вакансии,Campaign negative
SEARCH | Studio | Local | 2026-08,обучение,Campaign negative
SEARCH | Studio | Local | 2026-08,курс,Campaign negative
SEARCH | Studio | Local | 2026-08,курсы,Campaign negative
SEARCH | Studio | Local | 2026-08,школа,Campaign negative
SEARCH | Studio | Local | 2026-08,диплом,Campaign negative
SEARCH | Studio | Local | 2026-08,сертификат,Campaign negative
SEARCH | Studio | Local | 2026-08,купить,Campaign negative
SEARCH | Studio | Local | 2026-08,массажер,Campaign negative
SEARCH | Studio | Local | 2026-08,массажёр,Campaign negative
SEARCH | Studio | Local | 2026-08,аппарат,Campaign negative
SEARCH | Studio | Local | 2026-08,коврик,Campaign negative
SEARCH | Studio | Local | 2026-08,кресло,Campaign negative
SEARCH | Studio | Local | 2026-08,эротический,Campaign negative
SEARCH | Studio | Local | 2026-08,эротика,Campaign negative
SEARCH | Studio | Local | 2026-08,интим,Campaign negative
SEARCH | Studio | Local | 2026-08,секс,Campaign negative
SEARCH | Studio | Local | 2026-08,happy ending,Campaign negative
SEARCH | Studio | Local | 2026-08,erotic massage,Campaign negative
SEARCH | Studio | Local | 2026-08,tantra,Campaign negative
SEARCH | Studio | Local | 2026-08,массаж с окончанием,Campaign negative
SEARCH | Studio | Local | 2026-08,bezmaksas,Campaign negative
SEARCH | Studio | Local | 2026-08,vakances,Campaign negative
SEARCH | Studio | Local | 2026-08,kursi,Campaign negative
SEARCH | Studio | Local | 2026-08,apmaciba,Campaign negative
SEARCH | Studio | Local | 2026-08,physiotherapy,Campaign negative
SEARCH | Studio | Local | 2026-08,физиотерапия,Campaign negative
SEARCH | Studio | Local | 2026-08,реабилитация,Campaign negative
SEARCH | Studio | Local | 2026-08,liepaja,Campaign negative
SEARCH | Studio | Local | 2026-08,daugavpils,Campaign negative
SEARCH | Studio | Local | 2026-08,ventspils,Campaign negative
SEARCH | Studio | Local | 2026-08,valmiera,Campaign negative
SEARCH | Studio | Local | 2026-08,rezekne,Campaign negative
SEARCH | Studio | Local | 2026-08,jelgava,Campaign negative
SEARCH | Studio | Local | 2026-08,лиепая,Campaign negative
SEARCH | Studio | Local | 2026-08,даугавпилс,Campaign negative
SEARCH | Studio | Local | 2026-08,вентспилс,Campaign negative
SEARCH | Studio | Local | 2026-08,валмиера,Campaign negative
SEARCH | Studio | Local | 2026-08,резекне,Campaign negative
SEARCH | Studio | Local | 2026-08,елгава,Campaign negative
SEARCH | Mobile | West Riga + Jurmala | 2026-08,бесплатно,Campaign negative
SEARCH | Mobile | West Riga + Jurmala | 2026-08,бесплатный,Campaign negative
SEARCH | Mobile | West Riga + Jurmala | 2026-08,скачать,Campaign negative
SEARCH | Mobile | West Riga + Jurmala | 2026-08,работа,Campaign negative
SEARCH | Mobile | West Riga + Jurmala | 2026-08,вакансия,Campaign negative
SEARCH | Mobile | West Riga + Jurmala | 2026-08,вакансии,Campaign negative
SEARCH | Mobile | West Riga + Jurmala | 2026-08,обучение,Campaign negative
SEARCH | Mobile | West Riga + Jurmala | 2026-08,курс,Campaign negative
SEARCH | Mobile | West Riga + Jurmala | 2026-08,курсы,Campaign negative
SEARCH | Mobile | West Riga + Jurmala | 2026-08,школа,Campaign negative
SEARCH | Mobile | West Riga + Jurmala | 2026-08,диплом,Campaign negative
SEARCH | Mobile | West Riga + Jurmala | 2026-08,сертификат,Campaign negative
SEARCH | Mobile | West Riga + Jurmala | 2026-08,купить,Campaign negative
SEARCH | Mobile | West Riga + Jurmala | 2026-08,массажер,Campaign negative
SEARCH | Mobile | West Riga + Jurmala | 2026-08,массажёр,Campaign negative
SEARCH | Mobile | West Riga + Jurmala | 2026-08,аппарат,Campaign negative
SEARCH | Mobile | West Riga + Jurmala | 2026-08,коврик,Campaign negative
SEARCH | Mobile | West Riga + Jurmala | 2026-08,кресло,Campaign negative
SEARCH | Mobile | West Riga + Jurmala | 2026-08,эротический,Campaign negative
SEARCH | Mobile | West Riga + Jurmala | 2026-08,эротика,Campaign negative
SEARCH | Mobile | West Riga + Jurmala | 2026-08,интим,Campaign negative
SEARCH | Mobile | West Riga + Jurmala | 2026-08,секс,Campaign negative
SEARCH | Mobile | West Riga + Jurmala | 2026-08,happy ending,Campaign negative
SEARCH | Mobile | West Riga + Jurmala | 2026-08,erotic massage,Campaign negative
SEARCH | Mobile | West Riga + Jurmala | 2026-08,tantra,Campaign negative
SEARCH | Mobile | West Riga + Jurmala | 2026-08,массаж с окончанием,Campaign negative
SEARCH | Mobile | West Riga + Jurmala | 2026-08,bezmaksas,Campaign negative
SEARCH | Mobile | West Riga + Jurmala | 2026-08,vakances,Campaign negative
SEARCH | Mobile | West Riga + Jurmala | 2026-08,kursi,Campaign negative
SEARCH | Mobile | West Riga + Jurmala | 2026-08,apmaciba,Campaign negative
SEARCH | Mobile | West Riga + Jurmala | 2026-08,physiotherapy,Campaign negative
SEARCH | Mobile | West Riga + Jurmala | 2026-08,физиотерапия,Campaign negative
SEARCH | Mobile | West Riga + Jurmala | 2026-08,реабилитация,Campaign negative
SEARCH | Mobile | West Riga + Jurmala | 2026-08,liepaja,Campaign negative
SEARCH | Mobile | West Riga + Jurmala | 2026-08,daugavpils,Campaign negative
SEARCH | Mobile | West Riga + Jurmala | 2026-08,ventspils,Campaign negative
SEARCH | Mobile | West Riga + Jurmala | 2026-08,valmiera,Campaign negative
SEARCH | Mobile | West Riga + Jurmala | 2026-08,rezekne,Campaign negative
SEARCH | Mobile | West Riga + Jurmala | 2026-08,jelgava,Campaign negative
SEARCH | Mobile | West Riga + Jurmala | 2026-08,лиепая,Campaign negative
SEARCH | Mobile | West Riga + Jurmala | 2026-08,даугавпилс,Campaign negative
SEARCH | Mobile | West Riga + Jurmala | 2026-08,вентспилс,Campaign negative
SEARCH | Mobile | West Riga + Jurmala | 2026-08,валмиера,Campaign negative
SEARCH | Mobile | West Riga + Jurmala | 2026-08,резекне,Campaign negative
SEARCH | Mobile | West Riga + Jurmala | 2026-08,елгава,Campaign negative
