Campaign,Ad Group,Link Text,Final URL
SEARCH | Studio | Local | 2026-08,Studio LV,Pirmais apmeklējums €30,https://maxagist.com/massage-pinki-saliena.html?lang=lv#problems
SEARCH | Studio | Local | 2026-08,Studio LV,Par speciālistu,https://maxagist.com/massage-pinki-saliena.html?lang=lv#specialist
SEARCH | Studio | Local | 2026-08,Studio LV,Atsauksmes,https://maxagist.com/massage-pinki-saliena.html?lang=lv#reviews
SEARCH | Studio | Local | 2026-08,Studio LV,Studijas atrašanās vieta,https://maxagist.com/massage-pinki-saliena.html?lang=lv#location
SEARCH | Studio | Local | 2026-08,Studio LV,Jautājumi un atbildes,https://maxagist.com/massage-pinki-saliena.html?lang=lv#faq
SEARCH | Studio | Local | 2026-08,Studio LV,Masāža pie jums mājās,https://maxagist.com/vyezd.html?lang=lv
SEARCH | Studio | Local | 2026-08,Studio RU,Первый визит €30,https://maxagist.com/massage-pinki-saliena.html?lang=ru#problems
SEARCH | Studio | Local | 2026-08,Studio RU,О специалисте,https://maxagist.com/massage-pinki-saliena.html?lang=ru#specialist
SEARCH | Studio | Local | 2026-08,Studio RU,Отзывы клиентов,https://maxagist.com/massage-pinki-saliena.html?lang=ru#reviews
SEARCH | Studio | Local | 2026-08,Studio RU,Где находится студия,https://maxagist.com/massage-pinki-saliena.html?lang=ru#location
SEARCH | Studio | Local | 2026-08,Studio RU,Вопросы и ответы,https://maxagist.com/massage-pinki-saliena.html?lang=ru#faq
SEARCH | Studio | Local | 2026-08,Studio RU,Массаж с выездом,https://maxagist.com/vyezd.html?lang=ru
SEARCH | Studio | Local | 2026-08,Studio EN,First Visit €30,https://maxagist.com/massage-pinki-saliena.html?lang=en#problems
SEARCH | Studio | Local | 2026-08,Studio EN,About the Specialist,https://maxagist.com/massage-pinki-saliena.html?lang=en#specialist
SEARCH | Studio | Local | 2026-08,Studio EN,Client Reviews,https://maxagist.com/massage-pinki-saliena.html?lang=en#reviews
SEARCH | Studio | Local | 2026-08,Studio EN,Studio Location,https://maxagist.com/massage-pinki-saliena.html?lang=en#location
SEARCH | Studio | Local | 2026-08,Studio EN,Questions & Answers,https://maxagist.com/massage-pinki-saliena.html?lang=en#faq
SEARCH | Studio | Local | 2026-08,Studio EN,Massage at Home,https://maxagist.com/vyezd.html?lang=en
SEARCH | Mobile | West Riga + Jurmala | 2026-08,Mobile LV,Pirmais apmeklējums €30,https://maxagist.com/massage-pinki-saliena.html?lang=lv#problems
SEARCH | Mobile | West Riga + Jurmala | 2026-08,Mobile LV,Par speciālistu,https://maxagist.com/massage-pinki-saliena.html?lang=lv#specialist
SEARCH | Mobile | West Riga + Jurmala | 2026-08,Mobile LV,Atsauksmes,https://maxagist.com/massage-pinki-saliena.html?lang=lv#reviews
SEARCH | Mobile | West Riga + Jurmala | 2026-08,Mobile LV,Studijas atrašanās vieta,https://maxagist.com/massage-pinki-saliena.html?lang=lv#location
SEARCH | Mobile | West Riga + Jurmala | 2026-08,Mobile LV,Jautājumi un atbildes,https://maxagist.com/massage-pinki-saliena.html?lang=lv#faq
SEARCH | Mobile | West Riga + Jurmala | 2026-08,Mobile LV,Masāža pie jums mājās,https://maxagist.com/vyezd.html?lang=lv
SEARCH | Mobile | West Riga + Jurmala | 2026-08,Mobile RU,Первый визит €30,https://maxagist.com/massage-pinki-saliena.html?lang=ru#problems
SEARCH | Mobile | West Riga + Jurmala | 2026-08,Mobile RU,О специалисте,https://maxagist.com/massage-pinki-saliena.html?lang=ru#specialist
SEARCH | Mobile | West Riga + Jurmala | 2026-08,Mobile RU,Отзывы клиентов,https://maxagist.com/massage-pinki-saliena.html?lang=ru#reviews
SEARCH | Mobile | West Riga + Jurmala | 2026-08,Mobile RU,Где находится студия,https://maxagist.com/massage-pinki-saliena.html?lang=ru#location
SEARCH | Mobile | West Riga + Jurmala | 2026-08,Mobile RU,Вопросы и ответы,https://maxagist.com/massage-pinki-saliena.html?lang=ru#faq
SEARCH | Mobile | West Riga + Jurmala | 2026-08,Mobile RU,Массаж с выездом,https://maxagist.com/vyezd.html?lang=ru
SEARCH | Mobile | West Riga + Jurmala | 2026-08,Mobile EN,First Visit €30,https://maxagist.com/massage-pinki-saliena.html?lang=en#problems
SEARCH | Mobile | West Riga + Jurmala | 2026-08,Mobile EN,About the Specialist,https://maxagist.com/massage-pinki-saliena.html?lang=en#specialist
SEARCH | Mobile | West Riga + Jurmala | 2026-08,Mobile EN,Client Reviews,https://maxagist.com/massage-pinki-saliena.html?lang=en#reviews
SEARCH | Mobile | West Riga + Jurmala | 2026-08,Mobile EN,Studio Location,https://maxagist.com/massage-pinki-saliena.html?lang=en#location
SEARCH | Mobile | West Riga + Jurmala | 2026-08,Mobile EN,Questions & Answers,https://maxagist.com/massage-pinki-saliena.html?lang=en#faq
SEARCH | Mobile | West Riga + Jurmala | 2026-08,Mobile EN,Massage at Home,https://maxagist.com/vyezd.html?lang=en
