Campaign,Ad Group,Callout text
SEARCH | Studio | Local | 2026-08,Studio LV,Pirmais apmeklējums €30
SEARCH | Studio | Local | 2026-08,Studio LV,Medicīniska bāze
SEARCH | Studio | Local | 2026-08,Studio LV,10+ gadu pieredze
SEARCH | Studio | Local | 2026-08,Studio LV,Ērta autostāvvieta
SEARCH | Studio | Local | 2026-08,Studio LV,Individuāla pieeja
SEARCH | Studio | Local | 2026-08,Studio LV,RU · LV · EN
SEARCH | Studio | Local | 2026-08,Studio RU,Первый визит €30
SEARCH | Studio | Local | 2026-08,Studio RU,Медицинская база
SEARCH | Studio | Local | 2026-08,Studio RU,10+ лет опыта
SEARCH | Studio | Local | 2026-08,Studio RU,Удобная парковка
SEARCH | Studio | Local | 2026-08,Studio RU,Индивидуальный подход
SEARCH | Studio | Local | 2026-08,Studio RU,RU · LV · EN
SEARCH | Studio | Local | 2026-08,Studio EN,First Visit €30
SEARCH | Studio | Local | 2026-08,Studio EN,Medical Background
SEARCH | Studio | Local | 2026-08,Studio EN,10+ Years Experience
SEARCH | Studio | Local | 2026-08,Studio EN,Easy Parking
SEARCH | Studio | Local | 2026-08,Studio EN,Individual Approach
SEARCH | Studio | Local | 2026-08,Studio EN,RU · LV · EN
SEARCH | Mobile | West Riga + Jurmala | 2026-08,Mobile LV,Pirmais apmeklējums €30
SEARCH | Mobile | West Riga + Jurmala | 2026-08,Mobile LV,Medicīniska bāze
SEARCH | Mobile | West Riga + Jurmala | 2026-08,Mobile LV,10+ gadu pieredze
SEARCH | Mobile | West Riga + Jurmala | 2026-08,Mobile LV,Ērta autostāvvieta
SEARCH | Mobile | West Riga + Jurmala | 2026-08,Mobile LV,Individuāla pieeja
SEARCH | Mobile | West Riga + Jurmala | 2026-08,Mobile LV,RU · LV · EN
SEARCH | Mobile | West Riga + Jurmala | 2026-08,Mobile RU,Первый визит €30
SEARCH | Mobile | West Riga + Jurmala | 2026-08,Mobile RU,Медицинская база
SEARCH | Mobile | West Riga + Jurmala | 2026-08,Mobile RU,10+ лет опыта
SEARCH | Mobile | West Riga + Jurmala | 2026-08,Mobile RU,Удобная парковка
SEARCH | Mobile | West Riga + Jurmala | 2026-08,Mobile RU,Индивидуальный подход
SEARCH | Mobile | West Riga + Jurmala | 2026-08,Mobile RU,RU · LV · EN
SEARCH | Mobile | West Riga + Jurmala | 2026-08,Mobile EN,First Visit €30
SEARCH | Mobile | West Riga + Jurmala | 2026-08,Mobile EN,Medical Background
SEARCH | Mobile | West Riga + Jurmala | 2026-08,Mobile EN,10+ Years Experience
SEARCH | Mobile | West Riga + Jurmala | 2026-08,Mobile EN,Easy Parking
SEARCH | Mobile | West Riga + Jurmala | 2026-08,Mobile EN,Individual Approach
SEARCH | Mobile | West Riga + Jurmala | 2026-08,Mobile EN,RU · LV · EN
